0,1,2,3,4,5,6,7,8,9,10,11,12,13,14,15,16,17,18,19,x,y
50,47,45,44,31,30,30,0,0,0,0,0,0,0,0,0,0,0,0,0,0.9,7.9
51,48,43,43,0,31,0,36,0,0,0,0,0,0,0,0,0,0,0,0,0.9,7.9
51,48,42,46,0,0,0,33,0,0,0,0,0,0,0,0,0,0,0,0,0.9,7.9
49,47,42,48,0,0,0,32,0,0,0,0,0,0,0,0,0,0,0,0,0.9,7.9
49,51,43,47,0,30,0,36,0,0,0,0,0,0,0,0,0,0,0,0,0.9,7.9
51,45,43,43,0,30,0,34,0,0,0,0,0,0,0,0,0,0,0,0,0.9,7.9
49,51,44,43,0,31,0,33,0,0,0,0,0,0,0,0,0,0,0,0,0.9,7.9
49,51,44,44,0,32,0,37,0,0,0,0,0,0,0,0,0,0,0,0,0.9,7.9
49,47,45,44,0,30,0,33,0,0,0,0,0,0,0,0,0,0,0,0,0.9,7.9
48,47,43,46,34,0,0,0,30,0,0,0,0,0,0,0,0,0,0,0,0.9,8.9
47,45,48,47,34,0,0,39,30,0,0,0,0,0,0,0,0,0,0,0,0.9,8.9
47,49,49,47,34,0,0,40,0,0,0,0,0,0,0,0,0,0,0,0,0.9,8.9
48,49,49,43,35,0,33,40,31,0,0,0,0,0,0,0,0,0,0,0,0.9,8.9
48,49,48,43,35,0,33,40,32,0,0,0,0,0,0,0,0,0,0,0,0.9,8.9
48,47,48,43,36,0,0,42,32,0,0,0,0,0,0,0,0,0,0,0,0.9,8.9
48,47,47,43,36,0,0,40,32,0,0,0,0,0,0,0,0,0,0,0,0.9,8.9
48,43,47,44,36,32,0,41,32,33,0,0,0,0,0,0,0,0,0,0,0.9,8.9
49,44,47,43,36,31,0,42,0,0,0,0,0,0,0,0,0,0,0,0,0.9,8.9
32,46,43,43,32,0,0,36,30,31,0,0,0,0,0,0,0,0,0,0,0.9,9.9
36,46,39,45,33,0,0,39,30,30,0,0,0,0,0,0,0,0,0,0,0.9,9.9
36,47,44,45,31,0,0,38,30,30,0,0,0,0,0,0,0,0,0,0,0.9,9.9
37,47,44,45,31,0,0,33,30,30,0,0,0,0,0,0,0,0,0,0,0.9,9.9
38,47,43,38,30,0,0,33,30,31,0,0,0,0,0,0,0,0,0,0,0.9,9.9
38,47,43,43,31,0,0,34,30,31,0,0,0,0,0,0,0,0,0,0,0.9,9.9
38,47,43,44,31,0,31,33,30,31,0,0,0,0,0,0,0,0,0,0,0.9,9.9
38,46,43,44,32,0,31,33,30,30,0,0,0,0,0,0,0,0,0,0,0.9,9.9
37,45,43,44,31,0,0,30,30,0,0,0,0,0,0,0,0,0,0,0,0.9,9.9
31,42,62,45,0,0,0,0,0,0,0,0,0,0,0,0,0,0,0,0,0.9,10.9
37,49,65,44,0,0,0,33,0,0,0,0,0,0,0,0,0,0,0,0,0.9,10.9
37,45,65,46,0,0,0,32,0,0,0,0,0,0,0,0,0,0,0,0,0.9,10.9
37,49,64,44,0,0,0,0,0,0,0,0,0,0,0,0,0,0,0,0,0.9,10.9
36,51,64,46,0,0,0,36,0,0,0,0,0,0,0,0,0,0,0,0,0.9,10.9
35,51,63,46,0,0,0,30,0,0,0,0,0,0,0,0,0,0,0,0,0.9,10.9
37,49,63,46,0,0,0,36,0,0,0,0,0,0,0,0,0,0,0,0,0.9,10.9
37,45,63,46,0,0,0,31,0,0,0,0,0,0,0,0,0,0,0,0,0.9,10.9
36,50,63,37,0,0,0,36,0,0,0,0,0,0,0,0,0,0,0,0,0.9,10.9
0,41,64,33,0,0,0,33,0,0,0,0,0,0,0,0,0,0,0,0,0.9,11.9
34,41,62,31,0,0,0,39,0,0,0,0,0,0,0,0,0,0,0,0,0.9,11.9
34,40,61,35,30,0,0,35,30,0,0,0,0,0,0,0,0,0,0,0,0.9,11.9
30,38,61,39,0,0,0,35,0,0,0,0,0,0,0,0,0,0,0,0,0.9,11.9
30,44,64,39,0,0,0,35,0,0,0,0,0,0,0,0,0,0,0,0,0.9,11.9
32,42,64,40,0,0,0,34,0,0,0,0,0,0,0,0,0,0,0,0,0.9,11.9
32,43,65,30,0,0,0,33,0,0,30,0,0,0,0,0,0,0,0,0,0.9,11.9
32,45,65,0,0,0,0,32,0,0,30,0,0,0,0,0,0,0,0,0,0.9,11.9
32,39,65,36,0,0,0,31,0,0,30,0,0,0,0,0,0,0,0,0,0.9,11.9
38,52,57,41,30,0,0,37,30,0,0,0,0,0,0,0,0,0,0,0,0.9,12.9
37,53,57,33,30,0,0,37,31,0,0,0,0,0,0,0,0,0,0,0,0.9,12.9
38,53,55,40,0,0,0,36,31,0,0,0,0,0,0,0,0,0,0,0,0.9,12.9
38,54,55,32,0,0,0,36,31,0,0,0,0,0,0,0,0,0,0,0,0.9,12.9
38,47,58,39,0,0,0,35,31,0,0,0,0,0,0,0,0,0,0,0,0.9,12.9
38,53,58,40,0,0,31,35,31,0,0,0,0,0,0,0,0,0,0,0,0.9,12.9
36,53,60,41,30,0,31,35,32,0,0,0,0,0,0,0,0,0,0,0,0.9,12.9
36,53,60,34,30,0,31,36,30,0,0,0,0,0,0,0,0,0,0,0,0.9,12.9
36,53,60,32,0,0,0,36,30,0,0,0,0,0,0,0,0,0,0,0,0.9,12.9
31,37,46,34,37,0,0,0,0,0,0,0,0,0,0,0,0,0,0,0,0.9,13.9
33,40,43,38,37,0,0,0,0,0,0,0,0,0,0,0,0,0,0,0,0.9,13.9
37,42,43,32,33,0,32,31,0,0,0,0,0,0,0,0,0,0,0,0,0.9,13.9
39,46,39,36,33,0,30,31,0,0,0,0,0,0,0,0,0,0,0,0,0.9,13.9
39,45,39,40,36,0,30,33,0,0,0,0,0,0,0,0,0,0,0,0,0.9,13.9
39,44,49,31,34,0,30,34,0,0,0,0,0,0,0,0,0,0,0,0,0.9,13.9
39,44,49,37,35,0,0,34,0,0,0,0,0,0,0,0,0,0,0,0,0.9,13.9
39,44,53,31,35,0,0,31,0,0,0,0,0,0,0,0,0,0,0,0,0.9,13.9
39,45,53,36,35,0,36,34,0,0,0,0,0,0,0,0,0,0,0,0,0.9,13.9
47,50,45,50,0,36,0,37,0,0,0,0,0,0,0,0,0,0,0,0,2.8,7.9
51,48,44,46,0,30,0,37,0,0,0,0,0,0,0,0,0,0,0,0,2.8,7.9
48,48,44,44,0,30,0,38,0,0,0,0,0,0,0,0,0,0,0,0,2.8,7.9
48,48,46,51,0,34,0,38,0,0,0,0,0,0,0,0,0,0,0,0,2.8,7.9
48,46,46,43,0,35,0,39,0,0,0,0,0,0,0,0,0,0,0,0,2.8,7.9
48,47,46,42,0,35,0,39,0,0,0,0,0,0,0,0,0,0,0,0,2.8,7.9
48,46,46,50,0,35,0,40,0,0,0,0,0,0,0,0,0,0,0,0,2.8,7.9
47,46,44,45,0,35,0,40,0,0,0,0,0,0,0,0,0,0,0,0,2.8,7.9
47,47,44,50,0,35,0,40,0,0,0,0,0,0,0,0,0,0,0,0,2.8,7.9
47,49,47,53,0,0,0,37,0,0,0,0,0,0,0,0,0,0,0,0,2.8,8.9
39,51,47,49,0,32,0,41,0,0,0,0,0,0,0,0,0,0,0,0,2.8,8.9
40,51,45,45,0,32,0,39,0,0,0,0,0,0,0,0,0,0,0,0,2.8,8.9
40,51,45,44,0,0,0,39,0,0,0,0,0,0,0,0,0,0,0,0,2.8,8.9
41,51,50,50,0,31,0,39,0,0,0,0,0,0,0,0,0,0,0,0,2.8,8.9
41,51,50,49,0,31,0,39,0,0,0,0,0,0,0,0,0,0,0,0,2.8,8.9
38,51,51,45,0,31,0,39,0,0,0,0,0,0,0,0,0,0,0,0,2.8,8.9
39,51,51,48,0,31,0,39,0,0,0,0,0,0,0,0,0,0,0,0,2.8,8.9
39,51,51,48,0,31,0,39,0,0,0,0,0,0,0,0,0,0,0,0,2.8,8.9
49,51,56,50,0,0,0,46,0,0,0,0,0,0,0,0,0,0,0,0,2.8,9.9
49,52,56,48,0,31,0,45,0,0,0,0,0,0,0,0,0,0,0,0,2.8,9.9
48,45,54,47,0,31,0,45,0,0,0,0,0,0,0,0,0,0,0,0,2.8,9.9
49,51,54,43,0,31,0,44,0,0,0,0,0,0,0,0,0,0,0,0,2.8,9.9
49,51,55,43,0,31,0,32,0,0,0,0,0,0,0,0,0,0,0,0,2.8,9.9
49,53,56,47,0,31,0,40,0,0,0,0,0,0,0,0,0,0,0,0,2.8,9.9
49,51,56,47,0,31,0,43,0,0,0,0,0,0,0,0,0,0,0,0,2.8,9.9
49,53,54,39,0,31,0,43,0,0,0,0,0,0,0,0,0,0,0,0,2.8,9.9
49,53,54,50,0,0,0,43,0,0,0,0,0,0,0,0,0,0,0,0,2.8,9.9
39,54,61,53,0,0,0,36,0,0,0,0,0,0,0,0,0,0,0,0,2.8,10.9
39,50,61,50,0,0,0,35,0,0,0,0,0,0,0,0,0,0,0,0,2.8,10.9
39,43,61,50,0,0,0,39,0,0,0,0,0,0,0,0,0,0,0,0,2.8,10.9
37,50,59,52,0,0,0,35,0,0,0,0,0,0,0,0,0,0,0,0,2.8,10.9
37,53,59,54,0,0,0,42,0,0,0,0,0,0,0,0,0,0,0,0,2.8,10.9
41,51,59,55,0,0,0,42,0,0,0,0,0,0,0,0,0,0,0,0,2.8,10.9
41,51,61,55,0,0,0,42,0,0,0,0,0,0,0,0,0,0,0,0,2.8,10.9
40,51,61,46,0,0,0,42,0,0,0,0,0,0,0,0,0,0,0,0,2.8,10.9
40,51,62,53,0,0,0,42,0,0,0,0,0,0,0,0,0,0,0,0,2.8,10.9
44,53,61,51,0,0,0,33,0,0,0,0,0,0,0,0,0,0,0,0,2.8,11.9
45,58,60,51,0,0,0,0,0,0,0,0,0,0,0,0,0,0,0,0,2.8,11.9
45,53,60,45,0,0,0,34,0,0,0,0,0,0,0,0,0,0,0,0,2.8,11.9
46,57,60,45,0,0,0,0,0,0,0,0,0,0,0,0,0,0,0,0,2.8,11.9
46,57,64,44,0,0,0,33,0,0,0,0,0,0,0,0,0,0,0,0,2.8,11.9
45,57,64,44,0,0,0,0,0,0,0,0,0,0,0,0,0,0,0,0,2.8,11.9
45,59,65,49,0,0,0,32,0,0,0,0,0,0,0,0,0,0,0,0,2.8,11.9
45,52,65,44,0,0,0,34,0,0,0,0,0,0,0,0,0,0,0,0,2.8,11.9
45,56,66,44,0,0,0,0,0,0,0,0,0,0,0,0,0,0,0,0,2.8,11.9
40,53,51,40,0,0,0,0,0,0,0,0,0,0,0,0,0,0,0,0,2.8,12.9
38,57,51,32,0,0,0,35,0,0,0,0,0,0,0,0,0,0,0,0,2.8,12.9
32,58,48,44,0,0,0,30,0,0,0,0,0,0,0,0,0,0,0,0,2.8,12.9
30,59,48,39,0,34,0,34,0,0,0,0,0,0,0,0,0,0,0,0,2.8,12.9
30,59,49,43,0,0,0,0,0,0,0,0,0,0,0,0,0,0,0,0,2.8,12.9
0,52,49,44,0,0,0,33,0,0,0,0,0,0,0,0,0,0,0,0,2.8,12.9
0,50,53,38,0,0,0,36,0,0,0,30,0,0,0,0,0,0,0,0,2.8,12.9
0,50,54,38,0,0,0,36,0,0,0,0,0,0,0,0,0,0,0,0,2.8,12.9
0,50,54,39,0,0,0,36,0,0,0,0,0,0,0,0,0,0,0,0,2.8,12.9
47,43,53,47,0,0,0,0,0,0,0,0,0,0,0,0,0,0,0,0,2.8,13.9
47,48,49,47,0,0,0,0,0,0,0,0,0,0,0,0,0,0,0,0,2.8,13.9
47,50,49,47,0,0,0,0,0,0,0,0,0,0,0,0,0,0,0,0,2.8,13.9
47,50,49,47,0,0,0,0,0,0,0,0,0,0,0,0,0,0,0,0,2.8,13.9
46,50,49,47,0,0,0,0,0,0,0,0,0,0,0,0,0,0,0,0,2.8,13.9
46,50,49,48,0,0,0,0,0,0,0,0,0,0,0,0,0,0,0,0,2.8,13.9
46,51,49,48,0,0,0,0,0,0,0,0,0,0,0,0,0,0,0,0,2.8,13.9
46,49,50,48,0,0,0,0,0,0,0,0,0,0,0,0,0,0,0,0,2.8,13.9
46,46,50,48,0,0,0,0,0,0,0,0,0,0,0,0,0,0,0,0,2.8,13.9
53,50,51,48,0,33,0,37,0,0,0,0,0,0,0,0,0,0,0,0,3.8,7.9
53,43,45,45,0,35,0,39,0,0,0,0,0,0,0,0,0,0,0,0,3.8,7.9
53,47,45,47,0,35,0,39,0,0,0,0,0,0,0,0,0,0,0,0,3.8,7.9
53,47,47,47,0,35,0,42,0,0,0,0,0,0,0,0,0,0,0,0,3.8,7.9
52,48,47,47,0,35,0,42,0,0,0,0,0,0,0,0,0,0,0,0,3.8,7.9
52,48,50,47,0,35,0,42,0,0,0,0,0,0,0,0,0,0,0,0,3.8,7.9
52,48,50,47,0,35,0,41,0,0,0,0,0,0,0,0,0,0,0,0,3.8,7.9
52,48,51,47,0,32,0,42,0,0,0,0,0,0,0,0,0,0,0,0,3.8,7.9
52,48,51,47,0,34,0,40,0,0,0,0,0,0,0,0,0,0,0,0,3.8,7.9
40,41,52,52,0,30,0,35,0,0,0,0,0,0,0,0,0,0,0,0,3.8,8.9
40,45,52,52,0,33,0,38,0,0,0,0,0,0,0,0,0,0,0,0,3.8,8.9
36,40,52,52,0,33,0,39,0,0,0,0,0,0,0,0,0,0,0,0,3.8,8.9
40,46,51,52,0,33,0,39,0,0,0,0,0,0,0,0,0,0,0,0,3.8,8.9
40,48,51,52,0,33,0,38,0,0,0,0,0,0,0,0,0,0,0,0,3.8,8.9
41,48,50,52,0,33,0,38,0,0,0,0,0,0,0,0,0,0,0,0,3.8,8.9
41,48,50,45,0,0,0,0,0,0,0,0,0,0,0,0,0,0,0,0,3.8,8.9
41,40,50,51,0,32,0,35,0,0,0,0,0,0,0,0,0,0,0,0,3.8,8.9
41,47,50,51,0,33,0,36,0,0,0,0,0,0,0,0,0,0,0,0,3.8,8.9
46,51,58,49,0,0,0,33,0,0,0,0,0,0,0,0,0,0,0,0,3.8,9.9
46,49,58,53,0,0,0,38,0,0,0,0,0,0,0,0,0,0,0,0,3.8,9.9
49,49,56,53,0,0,0,39,0,0,0,0,0,0,0,0,0,0,0,0,3.8,9.9
50,49,56,53,0,0,0,39,0,0,0,0,0,0,0,0,0,0,0,0,3.8,9.9
50,49,56,53,0,0,0,35,0,0,0,0,0,0,0,0,0,0,0,0,3.8,9.9
50,49,56,49,0,0,0,38,0,0,30,0,0,0,0,0,0,0,0,0,3.8,9.9
50,49,58,49,0,0,0,39,0,0,31,0,0,0,0,0,0,0,0,0,3.8,9.9
50,50,58,52,0,0,0,35,0,0,30,0,0,0,0,0,0,0,0,0,3.8,9.9
50,43,58,52,0,0,0,39,0,0,30,0,0,0,0,0,0,0,0,0,3.8,9.9
48,45,60,45,0,31,0,35,0,0,0,0,0,0,0,0,0,0,0,0,3.8,10.9
48,52,59,44,0,30,0,33,0,0,0,0,0,0,0,0,0,0,0,0,3.8,10.9
48,52,59,52,0,30,0,31,0,0,0,0,0,0,0,0,0,0,0,0,3.8,10.9
48,52,59,45,0,31,0,0,0,0,0,0,0,0,0,0,0,0,0,0,3.8,10.9
48,44,59,52,0,31,0,0,0,0,0,0,0,0,0,0,0,0,0,0,3.8,10.9
48,51,59,52,0,31,0,0,0,0,0,0,0,0,0,0,0,0,0,0,3.8,10.9
48,52,59,50,0,31,0,0,0,0,0,0,0,0,0,0,0,0,0,0,3.8,10.9
48,45,59,50,0,31,0,0,0,0,0,0,0,0,0,0,0,0,0,0,3.8,10.9
48,51,60,54,0,0,0,0,0,0,0,0,0,0,0,0,0,0,0,0,3.8,10.9
40,49,56,43,0,0,0,38,0,30,0,0,0,0,0,0,0,0,0,0,3.8,11.9
40,52,59,44,0,0,0,39,0,0,0,0,0,0,0,0,0,0,0,0,3.8,11.9
40,51,59,44,0,0,0,34,0,0,0,0,0,0,0,0,0,0,0,0,3.8,11.9
40,50,55,48,0,0,0,39,0,0,0,0,0,0,0,0,0,0,0,0,3.8,11.9
40,50,55,49,0,0,0,38,0,0,0,0,0,0,0,0,0,0,0,0,3.8,11.9
40,50,57,49,0,0,0,33,0,0,0,0,0,0,0,0,0,0,0,0,3.8,11.9
40,50,57,49,0,0,0,37,0,0,0,0,0,0,0,0,0,0,0,0,3.8,11.9
39,50,58,49,0,0,0,39,0,0,0,0,0,0,0,0,0,0,0,0,3.8,11.9
39,40,58,49,0,0,0,39,0,0,0,0,0,0,0,0,0,0,0,0,3.8,11.9
43,62,64,46,0,0,0,31,0,0,0,0,0,0,0,0,0,0,0,0,3.8,12.9
40,64,62,48,0,0,0,31,0,0,0,0,0,0,0,0,0,0,0,0,3.8,12.9
41,64,62,48,0,0,0,31,0,0,0,0,0,0,0,0,0,0,0,0,3.8,12.9
42,64,62,48,0,0,0,31,0,0,0,0,0,0,0,0,0,0,0,0,3.8,12.9
42,57,60,48,0,0,0,32,0,0,0,0,0,0,0,0,0,0,0,0,3.8,12.9
41,46,60,48,0,0,0,0,0,0,0,0,0,0,0,0,0,0,0,0,3.8,12.9
42,61,60,48,0,0,0,0,0,0,0,0,0,0,0,0,0,0,0,0,3.8,12.9
42,64,60,48,0,0,0,31,0,0,0,0,0,0,0,0,0,0,0,0,3.8,12.9
42,64,62,48,0,0,0,0,0,0,0,0,0,0,0,0,0,0,0,0,3.8,12.9
36,42,39,41,0,0,0,34,0,0,0,0,0,0,0,0,0,0,0,0,3.8,13.9
36,50,43,41,0,0,0,33,0,0,0,0,0,0,0,0,0,0,0,0,3.8,13.9
34,44,43,42,0,0,0,32,0,0,0,0,0,0,0,0,0,0,0,0,3.8,13.9
33,51,43,40,0,0,0,32,0,0,0,0,0,0,0,0,0,0,0,0,3.8,13.9
33,52,45,41,0,0,0,32,0,0,0,0,0,0,0,0,0,0,0,0,3.8,13.9
33,53,45,41,0,0,0,32,0,0,0,0,0,0,0,0,0,0,0,0,3.8,13.9
33,53,44,41,0,0,0,32,0,0,0,0,0,0,0,0,0,0,0,0,3.8,13.9
33,53,44,41,0,0,0,32,0,0,0,0,0,0,0,0,0,0,0,0,3.8,13.9
33,53,43,42,0,0,0,32,0,0,0,0,0,0,0,0,0,0,0,0,3.8,13.9
44,45,46,57,0,32,0,31,0,0,0,0,0,0,0,0,0,0,0,0,4.8,7.9
45,45,46,57,0,32,0,35,0,0,0,0,0,0,0,0,0,0,0,0,4.8,7.9
46,44,46,58,0,32,0,31,0,0,0,0,0,0,0,0,0,0,0,0,4.8,7.9
47,44,45,58,0,33,0,37,0,0,0,0,0,0,0,0,0,0,0,0,4.8,7.9
47,44,45,59,0,33,0,38,0,0,0,0,0,0,0,0,0,0,0,0,4.8,7.9
47,44,43,47,0,33,0,38,0,0,0,0,0,0,0,0,0,0,0,0,4.8,7.9
47,45,43,51,0,33,0,38,0,0,0,0,0,0,0,0,0,0,0,0,4.8,7.9
47,45,44,52,0,33,0,33,0,0,0,0,0,0,0,0,0,0,0,0,4.8,7.9
47,45,44,57,0,34,0,37,0,0,0,0,0,0,0,0,0,0,0,0,4.8,7.9
47,45,54,44,0,0,0,36,0,0,0,0,0,0,0,0,0,0,0,0,4.8,8.9
48,45,54,54,0,0,0,37,0,0,0,0,0,0,0,0,0,0,0,0,4.8,8.9
48,45,56,55,0,30,0,38,0,0,0,0,0,0,0,0,0,0,0,0,4.8,8.9
48,45,56,56,0,30,0,38,0,0,0,0,0,0,0,0,0,0,0,0,4.8,8.9
50,45,55,56,0,30,0,37,0,0,0,0,0,0,0,0,0,0,0,0,4.8,8.9
49,45,55,56,0,30,0,35,0,0,0,0,0,0,0,0,0,0,0,0,4.8,8.9
48,45,54,57,0,33,0,37,0,0,0,0,0,0,0,0,0,0,0,0,4.8,8.9
48,45,54,57,0,0,0,36,0,0,0,0,0,0,0,0,0,0,0,0,4.8,8.9
48,44,55,57,0,0,0,38,0,0,0,0,0,0,0,0,0,0,0,0,4.8,8.9
38,43,57,52,0,0,0,31,0,0,0,0,0,0,0,0,0,0,0,0,4.8,9.9
42,40,57,56,0,0,0,31,0,0,0,0,0,0,0,0,0,0,0,0,4.8,9.9
41,36,58,55,0,0,0,41,0,0,0,0,0,0,0,0,0,0,0,0,4.8,9.9
42,33,58,55,0,0,0,44,0,0,0,0,0,0,0,0,0,0,0,0,4.8,9.9
44,0,56,55,0,0,0,43,0,0,0,0,0,0,0,0,0,0,0,0,4.8,9.9
44,32,56,54,0,0,0,43,0,0,0,0,0,0,0,0,0,0,0,0,4.8,9.9
44,34,58,56,0,0,0,31,0,0,0,0,0,0,0,0,0,0,0,0,4.8,9.9
44,34,58,55,0,0,0,0,0,0,0,0,0,0,0,0,0,0,0,0,4.8,9.9
44,30,58,44,0,0,0,41,0,0,0,0,0,0,0,0,0,0,0,0,4.8,9.9
41,39,56,44,0,0,0,33,0,0,0,0,0,0,0,0,0,0,0,0,4.8,10.9
43,45,56,48,0,0,0,0,0,0,0,0,0,0,0,0,0,0,0,0,4.8,10.9
42,42,57,48,0,0,0,30,0,0,0,0,0,0,0,0,0,0,0,0,4.8,10.9
42,42,57,48,0,0,0,34,0,0,0,0,0,0,0,0,0,0,0,0,4.8,10.9
42,42,53,48,0,0,0,0,0,0,0,0,0,0,0,0,0,0,0,0,4.8,10.9
42,46,51,48,0,0,0,32,0,0,0,0,0,0,0,0,0,0,0,0,4.8,10.9
42,46,51,48,0,0,0,33,0,0,0,0,0,0,0,0,0,0,0,0,4.8,10.9
42,47,54,48,0,0,0,33,0,0,0,0,0,0,0,0,0,0,0,0,4.8,10.9
42,43,54,48,0,0,0,33,0,0,0,0,0,0,0,0,0,0,0,0,4.8,10.9
47,42,42,44,0,0,0,0,0,0,0,0,0,0,0,0,0,0,0,0,4.8,11.9
46,46,44,42,0,0,0,39,0,0,0,0,0,0,0,0,0,0,0,0,4.8,11.9
45,46,43,41,0,0,0,40,0,0,0,0,0,0,0,0,0,0,0,0,4.8,11.9
45,45,45,41,0,0,0,40,0,0,0,0,0,0,0,0,0,0,0,0,4.8,11.9
45,45,45,40,0,0,0,40,0,0,0,0,0,0,0,0,0,0,0,0,4.8,11.9
45,45,44,40,0,0,0,32,0,0,0,0,0,0,0,0,0,0,0,0,4.8,11.9
45,45,44,40,0,0,0,39,0,0,0,0,0,0,0,0,0,0,0,0,4.8,11.9
45,44,43,41,0,0,0,32,0,0,0,0,0,0,0,0,0,0,0,0,4.8,11.9
45,46,43,41,0,0,0,30,0,0,0,0,0,0,0,0,0,0,0,0,4.8,11.9
44,46,48,40,0,0,0,31,0,0,0,0,0,0,0,0,0,0,0,0,4.8,12.9
40,50,48,43,0,0,0,30,0,0,0,0,0,0,0,0,0,0,0,0,4.8,12.9
39,50,52,43,0,0,0,33,0,0,0,0,0,0,0,0,0,0,0,0,4.8,12.9
38,50,52,43,0,0,0,35,0,0,0,0,0,0,0,0,0,0,0,0,4.8,12.9
38,51,52,47,0,0,0,0,0,0,0,0,0,0,0,0,0,0,0,0,4.8,12.9
38,50,52,48,0,0,0,0,0,0,0,0,0,0,0,0,0,0,0,0,4.8,12.9
39,50,53,42,0,0,0,31,0,0,0,0,0,0,0,0,0,0,0,0,4.8,12.9
39,44,53,41,0,0,0,35,0,0,0,0,0,0,0,0,0,0,0,0,4.8,12.9
39,43,51,41,0,0,0,34,0,0,0,0,0,0,0,0,0,0,0,0,4.8,12.9
36,59,49,48,0,0,0,0,0,0,0,0,0,0,0,0,0,0,0,0,4.8,13.9
38,58,49,47,0,0,0,0,0,0,0,0,0,0,0,0,0,0,0,0,4.8,13.9
38,60,50,43,0,0,0,30,0,0,0,0,0,0,0,0,0,0,0,0,4.8,13.9
39,54,50,46,0,0,0,34,0,0,0,0,0,0,0,0,0,0,0,0,4.8,13.9
39,58,50,47,0,0,0,30,0,0,0,0,0,0,0,0,0,0,0,0,4.8,13.9
39,60,50,47,0,0,0,36,0,0,0,0,0,0,0,0,0,0,0,0,4.8,13.9
39,60,50,43,0,0,0,38,0,0,0,0,0,0,0,0,0,0,0,0,4.8,13.9
39,51,50,47,0,0,0,38,0,0,0,0,0,0,0,0,0,0,0,0,4.8,13.9
39,59,50,44,0,0,0,38,0,0,0,0,0,0,0,0,0,0,0,0,4.8,13.9
58,39,54,62,0,0,0,35,0,0,0,0,0,0,0,0,0,0,0,0,6.4,7.1
60,40,55,63,0,0,0,37,0,0,0,0,0,0,0,0,0,0,0,0,6.4,7.1
60,40,55,63,0,0,0,38,0,0,0,0,0,0,0,0,0,0,0,0,6.4,7.1
60,41,55,63,0,0,0,38,0,0,0,0,0,0,0,0,0,0,0,0,6.4,7.1
59,42,55,63,0,0,0,37,0,0,0,0,0,0,0,0,0,0,0,0,6.4,7.1
59,0,53,63,0,0,0,37,0,0,0,0,0,0,0,0,0,0,0,0,6.4,7.1
59,37,54,60,0,0,0,38,0,0,0,0,0,0,0,0,0,0,0,0,6.4,7.1
59,40,54,62,0,0,0,38,0,0,0,0,0,0,0,0,0,0,0,0,6.4,7.1
59,40,52,62,0,0,0,38,0,0,0,0,0,0,0,0,0,0,0,0,6.4,7.1
59,45,52,57,0,0,0,33,0,0,0,0,0,0,0,0,0,0,0,0,6.4,8.1
59,47,52,60,0,0,0,33,0,0,0,0,0,0,0,0,0,0,0,0,6.4,8.1
59,41,52,60,0,0,0,33,0,0,0,0,0,0,0,0,0,0,0,0,6.4,8.1
59,47,52,60,0,0,0,34,0,0,0,0,0,0,0,0,0,0,0,0,6.4,8.1
59,48,51,60,0,0,0,34,0,0,0,0,0,0,0,0,0,0,0,0,6.4,8.1
59,48,51,60,0,0,0,33,0,0,0,0,0,0,0,0,0,0,0,0,6.4,8.1
59,48,51,59,0,0,0,34,0,0,0,0,0,0,0,0,0,0,0,0,6.4,8.1
59,49,51,59,0,30,0,31,0,0,0,0,0,0,0,0,0,0,0,0,6.4,8.1
59,49,51,59,0,0,0,0,0,0,0,0,0,0,0,0,0,0,0,0,6.4,8.1
55,45,47,61,0,0,0,31,0,0,0,0,0,0,0,0,0,0,0,0,6.4,9.1
53,43,47,60,0,0,0,35,0,0,0,0,0,0,0,0,0,0,0,0,6.4,9.1
54,43,48,60,0,0,0,36,0,0,0,0,0,0,0,0,0,0,0,0,6.4,9.1
54,43,48,47,0,0,0,31,0,0,0,0,0,0,0,0,0,0,0,0,6.4,9.1
54,43,50,58,0,0,0,35,0,0,0,0,0,0,0,0,0,0,0,0,6.4,9.1
54,43,50,59,0,0,0,35,0,0,0,0,0,0,0,0,0,0,0,0,6.4,9.1
54,41,49,59,0,0,0,31,0,0,0,0,0,0,0,0,0,0,0,0,6.4,9.1
54,46,49,61,0,0,0,35,0,0,0,0,0,0,0,0,0,0,0,0,6.4,9.1
54,44,49,60,0,0,0,31,0,0,0,0,0,0,0,0,0,0,0,0,6.4,9.1
46,37,45,39,0,0,0,0,0,0,0,0,0,0,0,0,0,0,0,0,6.4,10.1
46,33,0,35,0,0,0,0,0,0,0,0,0,0,0,0,0,0,0,0,6.4,10.1
46,33,0,35,0,0,0,0,0,0,0,0,0,0,0,0,0,0,0,0,6.4,10.1
46,35,0,35,0,0,0,0,0,0,0,0,0,0,0,0,0,0,0,0,6.4,10.1
46,34,0,35,0,0,0,0,0,0,0,0,0,0,0,0,0,0,0,0,6.4,10.1
46,33,0,35,0,0,0,0,0,0,0,0,0,0,0,0,0,0,0,0,6.4,10.1
46,33,0,35,0,0,0,0,0,0,0,0,0,0,0,0,0,0,0,0,6.4,10.1
46,35,0,35,0,0,0,0,0,0,0,0,0,0,0,0,0,0,0,0,6.4,10.1
46,34,0,35,0,0,0,0,0,0,0,0,0,0,0,0,0,0,0,0,6.4,10.1
48,37,0,45,30,0,0,31,0,31,0,0,0,0,0,0,0,0,0,0,6.4,1.0
45,33,0,44,30,0,0,0,0,30,0,0,30,0,0,0,0,0,0,0,6.4,1.0
47,0,0,44,30,0,0,0,0,0,0,0,31,0,0,0,0,0,0,0,6.4,1.0
48,30,0,43,31,0,0,0,0,0,0,0,0,0,0,0,0,0,0,0,6.4,1.0
48,0,0,43,30,0,0,0,0,0,0,0,0,0,0,0,0,0,0,0,6.4,1.0
47,0,0,44,0,0,0,0,0,0,30,0,0,0,0,0,0,0,0,0,6.4,1.0
47,31,0,43,0,0,0,0,0,0,31,0,0,0,0,0,0,0,0,0,6.4,1.0
47,31,0,41,0,0,0,0,0,0,31,0,0,0,0,0,0,0,0,0,6.4,1.0
47,31,0,42,0,0,0,0,0,0,31,0,0,0,0,0,0,0,0,0,6.4,1.0
46,33,0,42,31,0,0,0,0,0,0,0,0,0,0,0,0,0,0,0,6.4,2.0
48,30,0,46,31,0,0,31,0,0,0,0,0,0,0,0,0,0,0,0,6.4,2.0
44,30,0,46,31,0,0,31,0,0,0,0,0,0,0,0,0,0,0,0,6.4,2.0
42,0,0,47,0,0,0,30,0,0,0,0,0,0,0,0,0,0,0,0,6.4,2.0
42,0,0,48,0,0,0,0,0,0,0,0,0,0,0,0,0,0,0,0,6.4,2.0
42,35,0,52,0,0,0,0,0,0,0,0,0,0,0,0,0,0,0,0,6.4,2.0
42,36,0,33,0,0,0,0,0,31,0,0,0,34,0,0,0,0,0,0,6.4,2.0
42,37,0,45,0,0,0,31,0,0,0,0,0,30,0,0,0,0,0,0,6.4,2.0
42,38,0,48,0,0,0,0,0,0,0,0,0,30,0,0,0,0,0,0,6.4,2.0
50,33,36,48,0,0,0,0,0,0,0,0,0,0,0,0,0,0,0,0,6.4,3.0
49,34,35,46,0,0,0,0,0,0,0,0,0,0,0,0,0,0,0,0,6.4,3.0
49,34,35,46,0,0,0,0,0,0,0,0,0,0,0,0,0,0,0,0,6.4,3.0
50,37,34,48,0,0,0,0,0,0,0,0,0,0,0,0,0,0,0,0,6.4,3.0
50,37,34,47,0,0,0,31,0,0,0,0,0,0,0,0,0,0,0,0,6.4,3.0
50,37,33,49,0,0,0,0,0,0,0,0,0,0,0,0,0,0,0,0,6.4,3.0
51,37,32,49,0,0,0,32,0,0,0,0,0,0,0,0,0,0,0,0,6.4,3.0
51,38,32,45,0,0,0,0,0,0,0,0,0,0,0,0,0,0,0,0,6.4,3.0
51,37,32,46,0,0,0,31,0,0,0,0,0,0,0,0,0,0,0,0,6.4,3.0
47,37,34,49,0,0,0,31,0,0,0,0,0,0,0,0,0,0,0,0,6.4,4.0
49,30,34,49,0,0,0,0,0,0,0,0,0,0,0,0,0,0,0,0,6.4,4.0
50,35,34,45,0,0,0,0,0,0,0,0,0,0,0,0,0,0,0,0,6.4,4.0
46,33,33,44,0,0,0,0,0,0,0,0,0,0,0,0,0,0,0,0,6.4,4.0
44,32,32,48,0,0,0,0,0,0,0,0,0,0,0,0,0,0,0,0,6.4,4.0
44,37,31,52,0,0,0,30,0,0,0,0,0,0,0,0,0,0,0,0,6.4,4.0
44,34,31,52,0,0,0,0,0,0,0,0,0,0,0,0,0,0,0,0,6.4,4.0
45,34,31,45,0,0,0,0,0,0,0,0,0,0,0,0,0,0,0,0,6.4,4.0
46,30,31,44,0,0,0,0,0,0,0,0,0,0,0,0,0,0,0,0,6.4,4.0
50,0,37,51,0,0,0,35,0,0,0,0,0,0,0,0,0,0,0,0,6.4,5.0
50,32,37,55,0,0,0,36,0,0,0,0,0,0,0,0,0,0,0,0,6.4,5.0
50,33,37,55,0,0,0,35,0,0,0,0,0,0,0,0,0,0,0,0,6.4,5.0
45,30,37,50,0,0,0,35,0,0,0,0,0,0,0,0,0,0,0,0,6.4,5.0
50,35,37,53,0,0,0,35,0,0,0,0,0,0,0,0,0,0,0,0,6.4,5.0
45,33,37,53,0,0,0,34,0,0,0,0,0,30,0,0,0,0,0,0,6.4,5.0
49,33,36,53,0,0,0,32,0,0,0,0,0,0,0,0,0,0,0,0,6.4,5.0
49,33,36,54,0,0,0,33,0,0,0,0,0,0,0,0,0,0,0,0,6.4,5.0
46,35,36,51,0,0,0,30,0,0,0,0,0,0,0,0,0,0,0,0,6.4,5.0
60,33,35,54,0,32,0,30,0,0,0,0,0,0,0,0,0,0,0,0,6.4,6.0
60,33,33,46,0,32,0,31,0,0,0,0,0,0,0,0,0,0,0,0,6.4,6.0
61,33,34,51,0,33,0,31,0,0,0,0,0,0,0,0,0,0,0,0,6.4,6.0
61,32,34,45,0,0,0,31,0,0,0,0,0,0,0,0,0,0,0,0,6.4,6.0
61,32,34,50,0,32,0,31,0,0,0,0,0,0,0,0,0,0,0,0,6.4,6.0
61,30,35,52,0,31,0,31,0,0,0,0,0,0,0,0,0,0,0,0,6.4,6.0
61,35,35,48,0,33,0,32,0,0,0,0,0,0,0,0,0,0,0,0,6.4,6.0
61,31,35,50,0,33,0,32,0,0,0,0,0,0,0,0,0,0,0,0,6.4,6.0
61,34,35,52,0,33,0,0,0,0,0,0,0,0,0,0,0,0,0,0,6.4,6.0
51,31,34,40,0,0,0,31,0,0,0,0,0,0,30,0,0,0,0,0,7.4,1.0
50,0,34,44,0,0,0,31,0,0,0,0,0,0,32,31,0,0,0,0,7.4,1.0
46,32,34,44,0,0,0,33,0,0,0,0,0,0,0,30,0,0,0,0,7.4,1.0
46,35,32,36,0,0,0,32,0,0,0,0,0,0,0,30,0,0,0,0,7.4,1.0
46,36,33,48,0,0,0,32,0,0,0,0,0,0,0,30,0,0,0,0,7.4,1.0
46,36,34,50,0,0,0,32,0,0,0,0,0,0,0,30,0,0,0,0,7.4,1.0
46,36,34,45,0,0,0,32,0,30,0,0,0,0,0,30,0,0,0,0,7.4,1.0
45,35,34,34,0,0,0,32,0,0,0,0,0,0,0,0,0,0,0,0,7.4,1.0
45,35,34,48,0,0,0,32,0,0,0,0,0,0,0,0,0,0,0,0,7.4,1.0
51,38,32,48,0,0,0,31,0,0,0,0,0,0,0,0,0,0,0,0,7.4,2.0
52,38,31,48,0,0,0,0,0,0,0,0,0,0,0,0,0,0,0,0,7.4,2.0
52,40,31,49,0,0,0,31,0,0,0,0,0,0,0,0,0,0,0,0,7.4,2.0
52,40,30,49,0,0,0,34,0,0,0,0,0,0,0,0,0,0,0,0,7.4,2.0
52,39,0,49,0,0,0,31,0,0,0,0,0,0,0,0,0,0,0,0,7.4,2.0
51,40,0,45,0,0,0,32,0,0,0,0,0,0,0,0,0,0,0,0,7.4,2.0
50,41,30,51,0,0,0,32,0,0,0,0,0,0,0,0,0,0,0,0,7.4,2.0
50,40,31,49,0,0,0,0,0,0,0,0,0,0,31,0,0,0,0,0,7.4,2.0
53,38,31,49,0,0,0,30,0,0,0,0,0,0,0,0,0,0,0,0,7.4,2.0
51,35,40,52,0,0,0,30,0,30,0,0,0,0,0,0,0,0,0,0,7.4,3.0
52,0,40,54,0,0,0,0,0,30,0,0,0,0,0,0,0,0,0,0,7.4,3.0
50,0,40,54,0,0,0,30,0,30,0,0,0,0,0,0,0,0,0,0,7.4,3.0
50,0,40,53,0,0,0,30,0,30,0,0,0,0,0,0,0,0,0,0,7.4,3.0
49,33,40,53,0,0,0,0,0,30,0,0,0,0,0,0,0,0,0,0,7.4,3.0
48,33,40,53,0,0,0,31,0,30,0,0,0,0,0,0,0,0,0,0,7.4,3.0
47,34,40,48,0,0,0,0,0,33,0,0,0,0,0,0,0,0,0,0,7.4,3.0
47,36,41,44,0,0,0,0,0,30,0,0,0,0,0,0,0,0,0,0,7.4,3.0
48,36,41,46,0,0,0,0,0,30,0,0,0,0,0,0,0,0,0,0,7.4,3.0
47,40,34,44,0,0,0,30,0,0,0,0,0,0,0,0,0,0,0,0,7.4,4.0
50,40,34,52,0,0,0,34,0,0,0,0,0,0,0,0,0,0,0,0,7.4,4.0
50,39,34,47,0,0,0,34,0,0,0,0,0,0,0,0,0,0,0,0,7.4,4.0
50,41,34,54,0,0,0,34,0,0,0,0,0,0,0,0,0,0,0,0,7.4,4.0
50,41,32,55,0,0,0,34,0,0,0,0,0,0,0,0,0,0,0,0,7.4,4.0
50,41,32,56,0,0,0,34,0,0,0,0,0,0,0,0,0,0,0,0,7.4,4.0
50,41,31,46,0,0,0,34,0,0,0,0,0,0,0,0,0,0,0,0,7.4,4.0
51,41,32,54,0,0,0,0,0,0,0,0,0,0,0,0,0,0,0,0,7.4,4.0
51,41,32,55,0,0,0,33,0,0,0,0,0,0,0,0,0,0,0,0,7.4,4.0
54,40,36,44,0,0,0,0,0,0,0,0,0,0,0,0,0,0,0,0,7.4,5.0
54,40,36,48,0,0,0,0,0,0,0,0,0,0,0,0,0,0,0,0,7.4,5.0
54,40,36,45,0,0,0,0,0,0,0,0,0,0,0,0,0,0,0,0,7.4,5.0
54,38,36,44,0,0,0,0,0,0,0,0,0,0,0,0,0,0,0,0,7.4,5.0
52,38,36,47,0,0,0,0,0,0,0,0,0,0,0,0,0,0,0,0,7.4,5.0
54,39,36,48,0,0,0,0,0,0,0,0,0,0,0,0,0,0,0,0,7.4,5.0
54,39,36,48,0,0,0,0,0,0,0,0,0,0,0,0,0,0,0,0,7.4,5.0
53,36,36,44,0,0,0,0,0,0,0,0,0,0,0,0,0,0,0,0,7.4,5.0
53,39,36,44,0,0,0,30,0,0,0,0,0,0,0,0,0,0,0,0,7.4,5.0
55,35,41,54,0,0,0,0,0,0,0,0,0,0,0,0,0,0,0,0,7.4,6.0
55,36,41,46,0,0,0,0,0,30,0,0,0,0,0,0,0,0,0,0,7.4,6.0
55,36,41,44,0,0,0,0,0,0,0,0,0,0,0,0,0,0,0,0,7.4,6.0
55,36,41,52,0,0,0,0,0,0,0,0,0,0,0,0,0,0,0,0,7.4,6.0
55,36,40,52,0,0,0,0,0,0,0,0,0,0,0,0,0,0,0,0,7.4,6.0
55,34,40,56,0,0,0,0,0,0,0,0,0,0,0,0,0,0,0,0,7.4,6.0
55,34,42,46,0,0,0,0,0,0,0,0,0,0,0,0,0,0,0,0,7.4,6.0
55,34,42,52,0,0,0,0,0,0,0,0,0,0,0,0,0,0,0,0,7.4,6.0
55,35,41,53,0,0,0,0,0,0,0,0,0,0,0,0,0,0,0,0,7.4,6.0
55,35,38,44,30,0,0,0,0,0,0,0,0,0,0,0,0,0,0,0,8.4,1.0
52,37,38,40,30,0,0,30,0,0,0,0,0,0,0,0,0,0,0,0,8.4,1.0
52,37,40,38,0,0,0,0,0,0,0,0,0,0,0,0,0,0,0,0,8.4,1.0
51,35,40,36,0,0,0,30,0,0,0,0,0,0,0,0,0,0,0,0,8.4,1.0
49,35,39,37,0,0,0,0,0,0,0,0,0,0,0,0,0,0,0,0,8.4,1.0
51,37,39,37,0,0,0,0,0,0,0,0,0,0,0,0,0,0,0,0,8.4,1.0
51,37,39,40,0,0,0,0,0,0,0,0,0,0,0,0,0,0,0,0,8.4,1.0
51,36,39,40,0,0,0,0,0,0,0,0,0,0,0,0,0,0,0,0,8.4,1.0
52,34,39,48,0,0,0,0,0,0,0,0,0,0,0,0,0,0,0,0,8.4,1.0
53,32,34,47,0,0,0,0,0,0,0,0,0,30,0,0,0,0,0,0,8.4,2.0
41,35,34,53,0,0,0,0,0,30,0,0,0,30,0,0,0,0,0,0,8.4,2.0
41,34,32,53,0,0,0,0,0,33,0,0,0,30,0,0,0,0,0,0,8.4,2.0
46,33,34,49,0,0,0,0,0,30,0,0,0,30,0,0,0,30,0,0,8.4,2.0
46,32,34,48,0,0,0,0,0,30,0,0,0,30,0,0,0,0,0,0,8.4,2.0
46,33,34,52,0,0,0,0,0,30,0,0,0,30,0,0,0,0,0,0,8.4,2.0
44,35,34,52,0,0,0,0,0,30,0,0,0,31,0,0,0,0,0,0,8.4,2.0
41,34,34,53,0,0,0,0,0,30,0,0,0,31,0,0,0,0,0,0,8.4,2.0
40,34,34,53,0,0,0,0,0,30,0,0,0,31,0,0,0,0,0,0,8.4,2.0
45,38,33,51,0,0,0,30,0,0,0,0,0,0,0,0,0,0,30,0,8.4,3.0
43,37,31,52,0,0,0,30,0,0,0,0,0,0,0,0,0,0,0,0,8.4,3.0
42,37,33,53,0,0,0,31,0,0,0,0,0,0,0,0,0,0,0,0,8.4,3.0
42,39,34,50,0,0,0,33,0,0,0,0,0,0,0,0,0,0,0,0,8.4,3.0
38,40,34,50,0,0,0,32,0,0,0,0,0,0,0,0,0,0,0,0,8.4,3.0
43,39,34,50,0,0,0,30,0,0,0,0,0,0,0,0,0,0,0,0,8.4,3.0
46,39,36,44,0,0,0,0,0,0,0,0,0,0,0,0,0,0,0,0,8.4,3.0
39,37,36,51,0,0,0,0,0,0,0,0,0,0,0,0,0,0,0,0,8.4,3.0
40,37,34,45,0,0,0,0,0,0,0,0,0,0,0,0,0,0,0,0,8.4,3.0
50,37,38,41,0,0,0,34,0,0,0,0,0,0,0,0,0,0,0,0,8.4,4.0
50,39,38,41,0,0,0,35,0,0,0,0,0,0,0,0,0,0,0,0,8.4,4.0
49,41,38,38,0,0,0,35,0,0,0,0,0,0,0,0,0,0,0,0,8.4,4.0
47,35,38,36,0,0,0,35,0,0,0,0,0,0,0,0,0,0,0,0,8.4,4.0
51,37,39,41,0,0,0,35,0,0,0,0,0,0,0,0,0,0,0,0,8.4,4.0
51,37,39,44,0,0,0,35,0,0,0,0,0,0,0,0,0,0,0,0,8.4,4.0
50,41,40,39,0,0,0,32,0,0,0,0,0,0,0,0,0,0,0,0,8.4,4.0
50,41,40,47,0,0,0,36,0,0,0,0,0,0,0,0,0,0,0,0,8.4,4.0
50,39,40,43,0,0,0,36,0,0,0,0,0,0,0,0,0,0,0,0,8.4,4.0
57,42,44,45,0,0,0,36,0,0,0,0,0,0,0,30,0,0,0,0,8.4,5.0
57,42,44,44,0,0,0,35,0,0,0,0,0,0,0,0,0,0,0,0,8.4,5.0
57,42,44,48,0,0,0,35,0,0,0,0,0,0,0,0,0,0,0,0,8.4,5.0
56,38,44,50,0,0,0,36,0,0,0,0,0,0,0,0,0,0,0,0,8.4,5.0
56,42,44,50,0,0,0,36,0,0,0,0,0,0,0,0,0,0,0,0,8.4,5.0
56,42,44,45,0,0,0,32,0,0,0,0,0,0,0,0,0,0,0,0,8.4,5.0
56,42,44,49,0,0,0,35,0,0,0,0,0,0,0,0,0,0,0,0,8.4,5.0
56,38,44,45,0,0,0,35,0,0,0,0,0,0,0,0,0,0,0,0,8.4,5.0
56,40,44,49,0,0,0,31,0,0,0,0,0,0,0,0,0,0,0,0,8.4,5.0
55,39,40,43,0,0,0,32,0,0,0,0,0,0,0,0,0,0,0,0,8.4,6.0
55,40,40,47,0,0,0,33,0,0,0,0,0,0,0,0,0,0,0,0,8.4,6.0
55,40,41,44,0,0,0,33,0,0,0,0,0,0,0,0,0,0,0,0,8.4,6.0
55,39,41,46,0,0,0,33,0,0,0,0,0,0,0,0,0,0,0,0,8.4,6.0
55,39,41,43,0,0,0,33,0,0,0,0,0,0,0,0,0,0,0,0,8.4,6.0
55,35,41,46,0,0,0,30,0,0,0,0,0,0,0,0,0,0,0,0,8.4,6.0
55,37,41,46,0,0,0,31,0,0,0,0,0,0,0,0,0,0,0,0,8.4,6.0
55,37,41,47,0,0,0,32,0,0,0,0,0,0,0,0,0,0,0,0,8.4,6.0
55,35,41,37,0,0,0,31,0,0,0,0,0,0,0,0,0,0,0,0,8.4,6.0
63,43,50,45,0,0,0,32,0,0,0,0,0,0,0,0,0,0,0,0,8.4,7.0
63,43,44,56,0,0,0,32,0,0,0,0,0,0,0,0,0,0,0,0,8.4,7.0
59,37,44,59,0,0,0,33,0,0,0,0,0,0,0,0,0,0,0,0,8.4,7.0
59,41,41,59,0,0,0,33,0,0,0,0,0,0,0,0,0,0,0,0,8.4,7.0
60,44,41,59,0,0,0,33,0,0,0,0,0,0,0,0,0,0,0,0,8.4,7.0
60,42,46,59,0,0,0,34,0,0,0,0,0,0,0,0,0,0,0,0,8.4,7.0
62,41,50,47,0,0,0,33,0,0,0,0,0,0,0,0,0,0,0,0,8.4,7.0
62,43,50,53,0,0,0,0,0,0,0,0,0,0,0,0,0,0,0,0,8.4,7.0
62,42,48,58,0,0,0,0,0,0,0,0,0,0,0,0,0,0,0,0,8.4,7.0
64,43,41,49,0,0,0,36,0,0,0,0,0,0,0,0,0,0,0,0,8.4,8.0
65,44,41,49,0,0,0,36,0,0,0,0,0,0,0,0,0,0,0,0,8.4,8.0
64,46,41,50,0,0,0,32,0,0,0,0,0,0,0,0,0,0,0,0,8.4,8.0
63,43,40,49,0,0,0,31,0,0,0,0,0,0,0,0,0,0,0,0,8.4,8.0
64,40,40,53,0,0,0,31,0,0,0,0,0,0,0,0,0,0,0,0,8.4,8.0
65,40,41,50,0,0,0,36,0,0,0,0,0,0,0,0,0,0,0,0,8.4,8.0
64,43,41,54,0,0,0,37,0,0,0,0,0,0,0,30,0,0,0,0,8.4,8.0
66,45,40,46,0,0,0,0,0,0,0,0,0,0,0,0,0,0,0,0,8.4,8.0
59,47,40,51,0,0,0,37,0,0,0,0,0,0,0,0,0,0,0,0,8.4,8.0
65,54,49,54,0,0,0,30,0,0,0,0,0,0,0,0,0,0,0,0,8.4,9.0
65,53,49,45,0,0,0,0,0,0,0,0,0,0,0,0,0,0,0,0,8.4,9.0
65,54,48,38,0,0,0,0,0,0,0,0,0,0,0,0,0,0,0,0,8.4,9.0
66,54,48,51,0,0,0,0,0,0,0,0,0,0,0,0,0,0,0,0,8.4,9.0
66,54,48,53,0,0,0,0,0,0,0,0,0,0,0,0,0,0,0,0,8.4,9.0
48,54,46,53,0,0,0,0,0,0,0,0,0,0,0,0,0,0,0,0,8.4,9.0
63,54,46,41,0,0,0,0,0,0,0,0,0,0,0,0,0,0,0,0,8.4,9.0
66,54,46,39,0,0,0,0,0,0,0,0,0,0,0,0,0,0,0,0,8.4,9.0
66,54,49,51,0,0,0,0,0,0,0,0,0,0,0,0,0,0,0,0,8.4,9.0
65,54,40,56,0,0,0,0,0,0,0,33,0,0,0,31,0,0,0,30,8.4,10.0
65,58,41,56,0,0,0,0,0,0,0,33,0,0,0,31,0,0,0,0,8.4,10.0
65,58,41,56,0,0,0,0,0,0,0,33,0,0,0,31,0,0,0,0,8.4,10.0
65,58,40,52,0,0,0,0,0,0,0,33,0,0,0,31,0,0,0,0,8.4,10.0
65,58,40,56,0,0,0,0,0,0,0,34,0,0,0,32,0,0,0,0,8.4,10.0
65,58,40,57,0,0,0,0,0,0,0,33,0,0,0,32,0,0,0,0,8.4,10.0
64,58,40,58,0,0,0,31,0,0,0,33,0,0,0,0,0,0,0,0,8.4,10.0
64,60,40,58,0,0,0,0,0,0,0,33,0,0,0,32,0,0,0,0,8.4,10.0
64,60,40,54,0,0,0,0,0,0,0,33,0,0,0,32,0,0,0,0,8.4,10.0
55,33,31,50,0,0,0,0,0,0,0,0,0,0,0,30,0,0,0,0,9.4,1.0
55,0,31,50,0,0,0,32,0,0,0,0,0,0,0,31,0,0,0,0,9.4,1.0
56,32,31,50,0,0,0,32,0,0,0,0,0,0,0,31,0,0,0,0,9.4,1.0
56,33,30,50,0,0,0,33,0,0,0,0,0,0,0,31,0,0,0,0,9.4,1.0
56,0,30,50,0,0,0,33,0,0,0,0,0,0,0,32,0,0,0,0,9.4,1.0
56,0,30,52,0,0,0,33,0,0,0,0,0,0,0,32,0,0,0,0,9.4,1.0
56,0,30,52,0,0,0,30,0,0,0,0,0,0,0,32,0,0,0,0,9.4,1.0
56,32,31,51,0,0,0,0,0,0,0,0,0,0,0,32,0,0,0,0,9.4,1.0
56,32,0,50,0,0,0,0,0,0,0,0,0,0,0,32,0,0,0,0,9.4,1.0
54,35,34,44,0,0,0,0,0,0,0,0,0,0,0,0,0,0,0,0,9.4,2.0
52,35,33,48,0,0,0,0,0,0,0,0,0,0,0,0,0,0,0,0,9.4,2.0
52,37,31,46,0,0,0,0,0,0,0,0,0,0,0,0,0,0,0,0,9.4,2.0
54,37,33,43,0,0,0,0,0,0,0,0,0,0,0,0,0,0,0,0,9.4,2.0
53,33,34,46,0,0,0,0,0,0,0,0,0,0,0,0,0,0,0,0,9.4,2.0
53,36,34,44,31,0,0,0,0,0,0,0,0,0,0,0,0,0,0,0,9.4,2.0
53,37,34,48,0,0,0,0,0,0,0,0,0,0,0,0,0,0,0,0,9.4,2.0
52,39,33,44,0,0,0,0,0,0,0,0,0,0,0,0,0,0,0,0,9.4,2.0
52,40,32,48,0,0,0,0,0,0,0,0,0,0,0,0,0,0,0,0,9.4,2.0
60,38,30,51,0,0,0,31,0,0,0,0,0,0,0,0,0,0,0,0,9.4,3.0
61,38,30,51,0,0,0,33,0,0,0,0,0,0,0,0,0,0,0,0,9.4,3.0
61,38,30,50,0,0,0,33,0,0,0,0,0,0,0,0,0,0,0,0,9.4,3.0
61,38,0,50,0,0,0,0,0,0,0,0,0,0,0,0,0,0,0,0,9.4,3.0
61,38,30,50,0,0,0,30,0,0,0,0,0,0,0,0,0,0,0,0,9.4,3.0
61,38,30,45,0,0,0,30,0,0,0,0,0,0,0,0,0,0,0,0,9.4,3.0
61,38,0,49,0,0,0,30,0,0,0,0,0,0,0,0,0,0,0,0,9.4,3.0
61,38,0,51,0,0,0,31,0,0,0,0,0,0,0,0,0,0,0,0,9.4,3.0
61,37,0,49,0,0,0,0,0,0,0,0,0,0,0,0,0,0,0,0,9.4,3.0
47,42,45,51,0,0,0,30,0,0,0,0,0,0,0,0,0,0,0,0,9.4,4.0
48,39,43,49,0,0,0,30,0,0,0,0,0,0,0,0,0,0,0,0,9.4,4.0
48,40,43,47,0,0,0,30,0,0,0,0,0,0,0,0,0,0,0,0,9.4,4.0
52,42,42,44,0,0,0,30,0,0,0,0,0,0,0,0,0,0,0,0,9.4,4.0
52,39,42,52,0,0,0,0,0,0,0,0,0,0,0,0,0,0,0,0,9.4,4.0
49,39,43,44,0,0,0,0,0,0,0,0,0,0,0,0,0,0,0,0,9.4,4.0
48,40,43,46,0,0,0,0,0,0,0,0,0,0,0,0,0,0,0,0,9.4,4.0
48,40,42,44,0,0,0,0,0,0,0,0,0,0,0,0,0,0,0,0,9.4,4.0
48,40,42,46,0,0,0,30,0,0,0,0,0,0,0,0,0,0,0,0,9.4,4.0
50,34,45,53,0,0,0,31,0,0,0,0,0,0,0,0,0,0,0,0,9.4,5.0
50,42,45,53,0,0,0,32,0,0,0,0,0,0,0,0,0,0,0,0,9.4,5.0
51,44,44,54,0,0,0,33,0,0,0,0,0,0,0,0,0,0,0,0,9.4,5.0
47,44,44,53,0,0,0,31,0,0,0,0,0,0,0,0,0,0,0,0,9.4,5.0
47,44,44,52,0,0,0,31,0,0,0,0,0,0,0,0,0,0,0,0,9.4,5.0
47,36,44,52,0,0,0,33,0,0,0,0,0,0,0,0,0,0,0,0,9.4,5.0
47,35,44,52,0,0,0,33,0,0,0,0,0,0,0,0,0,0,0,0,9.4,5.0
47,43,44,44,0,0,0,33,0,0,0,0,0,0,0,0,0,0,0,0,9.4,5.0
48,36,44,51,0,0,0,34,0,0,0,0,0,0,0,0,0,0,0,0,9.4,5.0
52,44,38,48,0,0,0,38,0,0,0,0,0,0,0,0,0,0,0,0,9.4,6.0
52,39,39,44,0,0,0,31,0,0,0,0,0,0,0,0,0,0,0,0,9.4,6.0
51,35,39,49,0,0,0,35,0,0,0,0,0,0,0,0,0,0,0,0,9.4,6.0
52,43,39,49,0,0,0,36,0,0,0,0,0,0,0,0,0,0,0,0,9.4,6.0
53,44,40,51,0,0,0,0,0,0,0,0,0,0,0,0,0,0,0,0,9.4,6.0
53,44,40,52,0,0,0,35,0,0,0,0,0,0,0,0,0,0,0,0,9.4,6.0
53,40,39,51,0,0,0,0,0,0,0,0,0,0,0,0,0,0,0,0,9.4,6.0
53,44,39,51,0,0,0,36,0,0,0,0,0,0,0,0,0,0,0,0,9.4,6.0
53,40,39,51,0,0,0,31,0,0,0,0,0,0,0,0,0,0,0,0,9.4,6.0
49,39,44,58,0,0,0,33,0,0,0,0,0,0,0,0,0,0,0,0,9.4,7.0
57,43,43,58,0,0,0,33,0,0,0,0,0,0,0,0,0,0,0,0,9.4,7.0
58,40,41,58,0,0,0,31,0,0,0,0,0,0,0,0,0,0,0,0,9.4,7.0
51,36,41,46,0,0,0,31,0,0,0,0,0,0,0,0,0,0,0,0,9.4,7.0
55,40,42,44,0,0,0,32,0,0,0,0,0,0,0,0,0,0,0,0,9.4,7.0
57,43,42,54,0,0,0,33,0,0,0,0,0,0,0,0,0,0,0,0,9.4,7.0
57,44,41,57,0,0,0,33,0,0,0,0,0,0,0,0,0,0,0,0,9.4,7.0
57,44,41,57,0,0,0,0,0,0,0,0,0,0,0,0,0,0,0,0,9.4,7.0
57,44,45,57,0,0,0,31,0,0,0,0,0,0,0,0,0,0,0,0,9.4,7.0
57,53,37,55,0,0,0,33,0,0,0,0,0,0,0,0,0,0,0,0,9.4,8.0
58,53,35,57,0,0,0,0,0,0,0,0,0,0,0,0,0,0,0,0,9.4,8.0
57,53,35,57,0,0,0,30,0,0,0,0,0,0,0,0,0,0,0,0,9.4,8.0
56,51,0,57,0,0,0,35,0,0,0,0,0,0,0,0,0,0,0,0,9.4,8.0
57,53,31,45,0,0,0,32,0,0,0,0,0,0,0,0,0,0,0,0,9.4,8.0
57,53,31,55,0,0,0,31,0,0,0,0,0,0,0,0,0,0,0,0,9.4,8.0
56,51,30,57,0,0,0,0,0,0,0,0,0,0,0,0,0,0,0,0,9.4,8.0
57,52,30,57,0,0,0,35,0,0,0,0,0,0,0,0,0,0,0,0,9.4,8.0
57,51,33,51,0,0,0,36,0,0,0,0,0,0,0,0,0,0,0,0,9.4,8.0
63,51,47,46,0,0,0,0,0,0,0,0,0,0,0,0,0,0,0,0,9.4,9.0
63,53,47,46,0,0,0,31,0,0,0,0,0,0,0,0,0,0,0,0,9.4,9.0
64,53,45,44,0,0,0,31,0,0,0,0,0,0,0,0,0,0,0,0,9.4,9.0
64,54,45,41,0,0,0,32,0,0,0,0,0,0,0,0,0,0,0,0,9.4,9.0
64,54,45,40,0,0,0,32,0,0,0,0,0,0,0,0,0,0,0,0,9.4,9.0
64,54,45,44,0,0,0,32,0,0,0,0,0,0,0,0,0,0,0,0,9.4,9.0
64,54,45,44,0,0,0,35,0,0,0,0,0,0,0,0,0,0,0,0,9.4,9.0
64,54,45,42,0,0,0,35,0,0,0,0,0,0,0,0,0,0,0,0,9.4,9.0
64,53,43,43,0,0,0,30,0,0,0,0,0,0,0,0,0,0,0,0,9.4,9.0
68,50,40,50,0,0,0,31,0,0,0,0,0,0,0,0,0,0,0,0,9.4,10.0
68,52,40,51,0,0,0,31,0,0,0,30,0,0,0,0,0,0,0,0,9.4,10.0
69,51,38,51,0,0,0,30,0,0,0,30,0,0,0,0,0,0,0,0,9.4,10.0
69,43,38,51,0,0,0,30,0,0,0,0,0,0,0,0,0,0,0,0,9.4,10.0
69,49,41,45,0,0,0,0,0,0,0,0,0,0,0,0,0,0,0,0,9.4,10.0
69,45,41,49,0,0,0,0,0,0,0,0,0,0,0,0,0,0,0,0,9.4,10.0
69,49,41,50,0,0,0,0,0,0,0,0,0,0,0,0,0,0,0,0,9.4,10.0
69,51,41,46,0,0,0,0,0,0,0,30,0,0,0,0,0,0,0,0,9.4,10.0
70,55,41,50,0,0,0,31,0,0,0,33,0,0,0,0,0,0,0,0,9.4,10.0
34,0,0,44,0,0,0,0,0,0,0,32,0,0,0,0,0,0,0,0,10.4,1.0
38,0,0,43,0,0,0,0,0,0,0,0,0,0,0,0,0,0,0,0,10.4,1.0
36,0,0,42,0,0,0,0,0,0,0,0,0,0,0,0,0,0,0,0,10.4,1.0
36,0,0,42,0,0,0,0,0,0,0,0,0,0,0,0,0,0,0,0,10.4,1.0
38,0,0,42,0,0,0,0,0,0,0,0,0,0,0,0,0,0,0,0,10.4,1.0
37,0,0,42,0,0,0,0,0,0,0,0,0,0,0,0,0,0,0,0,10.4,1.0
37,0,0,42,0,0,0,0,0,0,0,0,0,0,0,0,0,0,0,0,10.4,1.0
37,0,0,42,0,0,0,0,0,0,0,0,0,0,0,0,0,0,0,0,10.4,1.0
36,0,0,42,0,0,0,0,0,0,0,0,0,0,0,0,0,0,0,0,10.4,1.0
47,32,31,43,0,0,0,30,0,0,0,0,0,0,0,0,0,0,0,0,10.4,2.0
51,34,31,51,0,0,0,30,0,0,0,0,0,0,0,0,0,0,0,0,10.4,2.0
51,34,30,53,0,0,0,0,0,0,0,0,0,30,0,0,0,0,0,0,10.4,2.0
51,34,31,49,0,0,0,0,0,0,0,0,0,31,0,0,0,0,0,0,10.4,2.0
51,30,31,55,0,0,0,0,0,0,0,0,0,31,0,0,0,0,0,0,10.4,2.0
51,31,31,44,0,0,0,0,0,0,0,0,0,31,0,0,0,0,0,0,10.4,2.0
51,33,0,54,0,0,0,0,0,0,0,0,0,31,0,0,0,0,0,0,10.4,2.0
51,34,0,56,0,0,0,30,0,0,0,0,0,30,0,0,0,0,0,0,10.4,2.0
53,35,0,56,0,0,0,30,0,0,0,0,0,30,0,0,0,0,0,0,10.4,2.0
46,43,38,45,0,0,0,0,0,0,0,0,0,0,0,0,0,0,0,0,10.4,3.0
46,46,38,44,0,0,0,0,0,0,0,0,0,0,0,0,0,0,0,0,10.4,3.0
47,44,38,48,0,0,0,31,0,0,0,0,0,0,0,0,0,0,0,0,10.4,3.0
49,46,38,48,0,0,0,30,0,0,0,0,0,0,0,0,0,0,0,0,10.4,3.0
49,47,40,47,0,0,0,0,0,0,0,0,0,0,0,0,0,0,0,0,10.4,3.0
50,47,40,47,0,0,0,0,0,0,0,0,0,0,0,0,0,0,0,0,10.4,3.0
49,47,39,43,0,0,0,31,0,0,0,0,0,0,0,0,0,0,0,0,10.4,3.0
46,47,39,46,0,0,0,30,0,0,0,0,0,0,0,0,0,0,0,0,10.4,3.0
46,44,39,46,0,0,0,30,0,0,0,0,0,0,0,0,0,0,0,0,10.4,3.0
58,40,36,53,0,0,0,0,0,0,0,0,0,0,0,0,0,0,0,0,10.4,4.0
52,40,35,53,0,0,0,0,0,0,0,0,0,0,0,0,0,0,0,0,10.4,4.0
49,40,35,54,0,0,0,30,0,0,0,0,0,0,0,0,0,0,0,0,10.4,4.0
52,37,0,56,0,0,0,33,0,0,0,0,0,0,0,0,0,0,0,0,10.4,4.0
55,35,0,56,0,0,0,33,0,0,0,0,0,0,0,0,0,0,0,0,10.4,4.0
55,37,0,55,0,0,0,0,0,0,0,0,0,0,0,0,0,0,0,0,10.4,4.0
55,40,0,55,0,0,0,30,0,0,0,0,0,0,0,0,0,0,0,0,10.4,4.0
55,40,0,52,0,0,0,32,0,0,0,0,0,0,0,0,0,0,0,0,10.4,4.0
56,40,0,55,0,0,0,32,0,0,0,0,0,0,0,0,0,0,0,0,10.4,4.0
56,42,41,43,0,0,0,0,0,0,0,0,0,0,0,0,0,0,0,0,10.4,5.0
55,44,41,47,0,0,0,0,0,0,0,0,0,0,0,0,0,0,0,0,10.4,5.0
52,44,42,46,0,0,0,0,0,0,0,0,0,0,0,0,0,0,0,0,10.4,5.0
54,42,42,50,0,0,0,0,0,0,0,0,0,0,0,0,0,0,0,0,10.4,5.0
54,43,42,49,0,0,0,0,0,0,0,0,0,0,0,0,0,0,0,0,10.4,5.0
54,43,42,50,0,0,0,0,0,0,0,0,0,0,0,0,0,0,0,0,10.4,5.0
54,43,41,48,0,0,0,0,0,0,0,0,0,0,0,0,0,0,0,0,10.4,5.0
53,43,41,50,0,0,0,0,0,0,0,0,0,0,0,0,0,0,0,0,10.4,5.0
53,43,41,48,0,0,0,0,0,0,0,0,0,0,0,0,0,0,0,0,10.4,5.0
59,47,37,54,0,0,0,0,0,0,0,0,0,0,0,0,0,0,0,0,10.4,6.0
59,47,37,56,0,0,0,0,0,0,0,0,0,0,0,0,0,0,0,0,10.4,6.0
59,48,36,56,0,0,0,0,0,0,0,0,0,0,0,0,0,0,0,0,10.4,6.0
59,49,36,56,0,0,0,35,0,0,0,0,0,0,0,0,0,0,0,0,10.4,6.0
59,48,38,56,0,0,0,35,0,0,0,0,0,0,0,0,0,0,0,0,10.4,6.0
59,47,36,56,0,0,0,36,0,0,0,0,0,0,0,0,0,0,0,0,10.4,6.0
59,47,36,56,0,0,0,36,0,0,0,0,0,0,0,0,0,0,0,0,10.4,6.0
59,47,35,56,0,0,0,31,0,0,0,0,0,0,0,0,0,0,0,0,10.4,6.0
59,48,35,57,0,0,0,34,0,0,0,0,0,0,0,0,0,0,0,0,10.4,6.0
51,42,0,58,0,0,0,0,0,0,0,0,0,0,0,0,0,0,0,0,10.4,7.0
51,37,0,58,0,0,0,0,0,0,0,0,0,0,0,0,0,0,0,0,10.4,7.0
51,38,0,48,0,0,0,0,0,0,0,0,0,0,0,0,0,0,0,0,10.4,7.0
49,42,0,56,0,0,0,0,0,0,0,0,0,0,0,0,0,0,0,0,10.4,7.0
45,43,0,58,0,0,0,0,0,0,0,0,0,0,0,0,0,0,0,0,10.4,7.0
44,43,0,59,0,0,0,0,0,0,0,0,0,0,0,0,0,0,0,0,10.4,7.0
48,43,0,49,0,0,0,0,0,0,0,0,0,0,0,0,0,0,0,0,10.4,7.0
44,42,0,57,0,0,0,0,0,0,0,0,0,0,0,0,0,0,0,0,10.4,7.0
44,41,0,43,0,0,0,0,0,0,0,0,0,0,0,0,0,0,0,0,10.4,7.0
63,52,46,56,0,0,0,0,0,0,0,0,0,0,0,0,0,0,0,0,10.4,8.0
63,54,46,55,0,0,0,0,0,0,0,0,0,0,0,0,0,0,0,0,10.4,8.0
65,56,46,55,0,0,0,0,0,0,0,0,0,0,0,0,0,0,0,0,10.4,8.0
48,56,46,52,0,0,0,0,0,0,0,0,0,0,0,0,0,0,0,0,10.4,8.0
60,56,46,53,0,0,0,0,0,0,0,0,0,0,0,0,0,0,0,0,10.4,8.0
64,54,46,53,0,0,0,0,0,0,0,0,0,0,0,0,0,0,0,0,10.4,8.0
64,56,46,53,0,0,0,0,0,0,0,0,0,0,0,0,0,0,0,0,10.4,8.0
64,56,46,51,0,0,0,0,0,0,0,0,0,0,0,0,0,0,0,0,10.4,8.0
64,46,46,52,0,0,0,0,0,0,0,0,0,0,0,0,0,0,0,0,10.4,8.0
65,44,35,43,0,0,0,30,0,0,0,0,0,0,0,0,0,0,0,0,10.4,9.0
66,40,35,55,0,0,0,0,0,0,0,0,0,0,0,0,0,0,0,0,10.4,9.0
66,45,36,55,0,0,0,30,0,0,0,0,0,0,0,0,0,0,0,0,10.4,9.0
65,46,36,57,0,0,0,30,0,0,0,0,0,0,0,0,0,0,0,0,10.4,9.0
67,44,33,56,0,0,0,31,0,0,0,0,0,0,0,0,0,0,0,0,10.4,9.0
67,44,36,48,0,0,0,0,0,0,0,0,0,0,0,0,0,0,0,0,10.4,9.0
66,46,36,48,0,0,0,0,0,0,0,0,0,0,0,0,0,0,0,0,10.4,9.0
67,48,36,48,0,0,0,30,0,0,0,0,0,0,0,0,0,0,0,0,10.4,9.0
67,45,38,48,0,0,0,30,0,0,0,0,0,0,0,0,0,0,0,0,10.4,9.0
77,43,40,45,0,0,0,0,0,0,0,0,0,0,0,0,0,0,0,0,10.4,10.0
77,43,40,45,0,0,0,0,0,0,0,0,0,0,0,0,0,0,0,0,10.4,10.0
78,43,40,43,0,0,0,0,0,0,0,0,0,0,0,0,0,0,0,0,10.4,10.0
78,43,40,47,0,0,0,0,0,0,0,0,0,0,0,0,0,0,0,0,10.4,10.0
78,43,40,46,0,0,0,0,0,0,0,0,0,0,0,0,0,0,0,0,10.4,10.0
78,43,40,47,0,0,0,0,0,0,0,0,0,0,0,0,0,0,0,0,10.4,10.0
78,41,40,47,0,0,0,0,0,0,0,0,0,0,0,0,0,0,0,0,10.4,10.0
78,41,40,47,0,0,0,0,0,0,0,0,0,0,0,0,0,0,0,0,10.4,10.0
78,43,40,49,0,0,0,0,0,0,0,0,0,0,0,0,0,0,0,0,10.4,10.0
